,true value,obsevation,kalman filter,kalman smoothing
0,-0.03488944509894251,-0.19015273802750585,-0.1901527372513256,-0.01193443674816752
1,0.06348089823623738,-0.004163904368162746,-0.08575188210666725,0.03789731509815902
2,0.12157318130795147,0.1546944163501781,0.024083760694455947,0.09948983611216954
3,0.12860162539369646,-0.01662219022232045,0.006820404196882124,0.14564656298098275
4,0.20635489304266474,0.1105654374474053,0.049671832731525284,0.237175377815053
5,0.2645507675632066,0.6579361681527209,0.2985812770160876,0.36410569317362423
6,0.41172982023826193,0.425340146084697,0.3502826409612177,0.4088778487235612
7,0.578047921126982,0.5808966954579317,0.44423509927338284,0.4490469689433144
8,0.5519302089942622,0.3452246225259965,0.4039144691912082,0.4523494880983439
9,0.48306252770395375,0.28271298224871527,0.3545639000467229,0.4856052713788781
10,0.413570201468826,0.5330485596065736,0.42723526906248643,0.5755919200180223
11,0.6076125474287682,0.6304965987692245,0.509993187150699,0.6774741496166594
12,0.7881540664680501,0.6981839627779306,0.5866146496172481,0.7924918074931713
13,0.8337854516738168,1.2840928631550306,0.8705907598062015,0.9338789526663083
14,0.7763042476841536,1.2689488834847669,1.0327809209961536,0.977342523277664
15,0.7877222980330219,0.7897047126408614,0.9338132924472947,0.9392698204823429
16,0.9390803749345303,0.8752537170141981,0.909970968260453,0.9430171298307936
17,0.9741935589732078,0.9618388076483964,0.9310887750637618,0.9657118179348357
18,0.9653002375811589,1.0866145180596782,0.9944105288506921,0.9894894413541355
19,1.0569956604039494,0.7280663281102409,0.8859694340983019,0.9861098491239438
20,1.1075601729533464,1.1552111730330716,0.9955902510706426,1.054881999624096
21,1.0260330619659268,1.1651531063657554,1.0646271648483157,1.0956010345888727
22,1.0649481570667463,1.133073767149082,1.092494955658671,1.116872562522688
23,1.0224519100275509,1.2628226099960864,1.1618432546310395,1.1336140594619908
24,1.026414225221956,1.2393293994667134,1.1933914630477271,1.1142274565363035
25,0.9736178330296421,1.1479685435359857,1.17489768284123,1.059861005382217
26,0.9225874651000697,0.8104361214151342,1.026508453721549,0.9808587393062862
27,0.833758950154517,0.9812415402749832,1.008078190829974,0.9495084694254509
28,0.9425214235797366,0.6532733571533269,0.8636206640852164,0.9092852917692732
29,1.0098606499527987,0.9303021271843466,0.8907697847417849,0.9406458034448126
30,0.9031289462729477,1.0148995374111434,0.941308772275402,0.974898518208805
31,1.0249339446692163,0.8702221264961301,0.9123660971504876,0.997966517948368
32,1.3613051994935963,1.1171831745086582,0.995756642097827,1.0567532229322945
33,1.2780798591939022,1.3814755312695843,1.1528007166417997,1.0986430637662647
34,1.2440450211402,0.980855622388003,1.0827938827596264,1.0614499059226432
35,1.0581878666817277,0.9262414750195409,1.019054126472439,1.0467917762335124
36,1.0582701732416713,1.038513020648117,1.0269767460621364,1.0658408068136527
37,1.0934276215021905,1.1657581680779117,1.0834811086852978,1.092530980209779
38,1.2455785062231166,0.9872985591351164,1.0443207255528504,1.0987460446042436
39,1.1775310925079703,1.1425423821318197,1.0843113238632989,1.1361230241203255
40,1.2713368633042734,1.3835271590853018,1.2061359874991442,1.1717050821211537
41,1.203195392049568,1.1421158400470488,1.180070412047624,1.1480594100798365
42,1.183085583786806,1.1690529359398873,1.1755846858161056,1.1260756241196765
43,1.1813367193912807,1.1883094749796765,1.1807655384890228,1.0920749197206734
44,1.002545506486586,1.178332668040384,1.179775003934409,1.0311659990427275
45,0.9173714837146517,0.7393928357935813,1.000474969679285,0.9291076955076292
46,0.7545411526946919,0.9384306733126149,0.9752138549732927,0.8800957063943696
47,0.8512409265142314,0.5644765849487821,0.8079836356023299,0.8147726333649793
48,0.8565524859431429,0.9765896494812292,0.8766309747798761,0.819435026433721
49,0.8855237790967653,0.6718309192899095,0.7932473602256656,0.7801552973113545
50,0.8917682128951537,0.7833851174285029,0.7892319831298379,0.7711642288913535
51,0.7819553398430414,0.5661331482925449,0.6983980856142306,0.7587560686482185
52,0.7950086462182329,0.8352414901288655,0.7541133913012119,0.8002073478472079
53,0.7764749398607975,1.0826205303724836,0.8878639051723731,0.8318627042082425
54,0.6424014670432459,0.845161460369886,0.8704777565728798,0.7934034764481674
55,0.6099994991216311,0.6115622872549856,0.7650612436521425,0.7404721599276743
56,0.7584358373307358,0.6114341774737241,0.7025125297825654,0.7235854297310025
57,0.8897446652740196,0.7903105610239016,0.7382591860914782,0.7380573954161905
58,0.8265282638311235,0.948404749520544,0.8238192052004822,0.737918814217803
59,0.7873709340366731,0.9183892333346723,0.8623230559707202,0.6789261025508087
60,0.5505213636165529,0.4526146256927388,0.6955117250451603,0.5529769250215986
61,0.49145297235415053,0.6759405865292444,0.6875434055713497,0.45509012539110394
62,0.32015281986243704,0.014987218862857477,0.4137145450059384,0.295451162438242
63,0.18886767902029297,0.036161830709532994,0.25999529953273703,0.2142329334084542
64,0.234245639436845,0.05109334192665166,0.1749416101136967,0.18280529915573474
65,0.055913110010516825,0.1434128024379301,0.16210476814946806,0.1882057441943306
66,0.19846469342294326,0.15657758791961374,0.15985439636731585,0.20613077732197
67,0.16389483257900916,0.2890594108106894,0.2124597586903025,0.23791141495841994
68,0.2637605756656011,0.3694060940147847,0.27635990119311366,0.2553905230567201
69,0.33629921008755426,0.2827230197611574,0.27895062229800366,0.24098965172092057
70,0.24345823996271992,0.45890140494205506,0.3522169437490504,0.21491968200093794
71,0.17545996633882488,-0.09880922146253451,0.16858324392464316,0.12062979947167893
72,0.06419712237967694,-0.012502948467083067,0.09485464443106999,0.08769742640921684
73,0.06544463847826376,0.192670197478978,0.134679899132494,0.08278215542766641
74,0.012813502926096065,-0.09081561598582616,0.04287020176036452,0.04714100646987184
75,-0.05513958668996577,-0.2840044568921396,-0.09021565351155869,0.05007401233785222
76,0.09085517385346009,0.12873285492459685,-0.0010715466362843235,0.1464189499177294
77,0.22751253187883322,0.42459715449987995,0.17223795183242208,0.24770910980288258
78,0.39832266672191013,0.365345963468469,0.2508611922952597,0.29953947064749503
79,0.42222570912528395,0.13976542367828915,0.20562894503439377,0.33296962860635865
80,0.37623225017284234,0.5240908193648539,0.33528956507599067,0.4204217594232442
81,0.4920634212425745,0.46546920986592,0.38829174467988875,0.4788869065227343
82,0.5174308149536005,0.5413385624843648,0.4506042124867255,0.5411037858626353
83,0.5378051111892637,0.7162409057640361,0.5587572478494305,0.6032550191349909
84,0.715125267495499,0.7463019162766064,0.6351153929017641,0.6338141837818926
85,0.813986195174696,0.8068936878559897,0.7050543150420677,0.6329205690550105
86,0.7328434769077368,0.508339481091472,0.6249625696956628,0.5833821999068105
87,0.5805175282754826,0.49521733928628303,0.5721372603625168,0.554826581732088
88,0.5504180802684396,0.6185736801243772,0.5910436835929059,0.5429383486108813
89,0.5113569774714283,0.2545214995587781,0.4540298726575982,0.5099016636345467
90,0.5581606922685924,0.21542715810173235,0.35688362562892323,0.5482720181546594
91,0.7095155341962162,0.9999130670489536,0.6186907768140162,0.6797093739980907
92,0.7519795448900363,0.9786872604502435,0.7652620653841257,0.7216143347185886
93,0.7642141668012361,0.7719838227359114,0.7679988049949003,0.6916389415845824
94,0.6254494552797097,0.2942828114886387,0.5751270222398113,0.6391982558838122
95,0.5787453452669535,0.6784027134804864,0.6171753527963135,0.6831996366606623
96,0.7061050082657593,1.1056763143983646,0.8160667827528947,0.7285422887309502
97,0.7182771697183282,0.6115764279213789,0.7328092617208254,0.6684342126143087
98,0.5965307479540224,0.3763410966461612,0.587674515510326,0.6242241843822475
99,0.6368595578464195,0.9574829185663187,0.7382406921920492,0.6493249325001477
100,0.48955004789360257,0.5430111435431363,0.6587536754762213,0.5882613946727846
101,0.4088032545566947,0.6634529035167531,0.6606669494677572,0.5398503135518098
102,0.30552765629248535,0.17206696194116836,0.46173520145802527,0.45687861941129243
103,0.3908121393030426,0.35772604366442473,0.4193882426018811,0.45354332674157943
104,0.3113062207448911,0.5472844530606359,0.47146073003516437,0.47699957656262426
105,0.4045221765716832,0.4683996797834054,0.4702144343068107,0.480803419274214
106,0.5746386640276281,0.4182457222571593,0.44905555793805313,0.48807548090143194
107,0.5860926453245635,0.47067918928324903,0.45785954257095035,0.5148726937931764
108,0.5580231776127446,0.4664596497468819,0.46136104563532776,0.5540268856752332
109,0.44204345758491825,0.5619823907585894,0.5023286686059928,0.6176658181680577
110,0.6428177086274052,1.1411097476778531,0.762406114163424,0.6968744356233595
111,0.642105317328807,0.581006717978443,0.6885499948588274,0.6518700838044289
112,0.7015456035200915,0.5449731787388806,0.6300932045731777,0.6266798909304588
113,0.7102233580129718,0.6015161715744531,0.6184581671755177,0.624335773223305
114,0.6792021296400849,0.7720975160920228,0.6810118819182432,0.6283722614732737
115,0.7179129868765121,0.4848896288246461,0.6011614037612146,0.5922216233254654
116,0.5867458586393057,0.27168912998875955,0.4670179387273996,0.5860821647784288
117,0.7735679725617616,0.7306985410780864,0.5743745586229878,0.6678503788334554
118,0.7151887866351156,0.7685383010967144,0.6534276361433959,0.7320455710372235
119,0.7088227524724883,0.9242730943524808,0.7637014016315664,0.7860370035789132
120,0.7092182511023714,0.7761688118643465,0.768777463387762,0.8013761389485562
121,0.6858610104113473,0.9376802104907118,0.8375456164426309,0.8237635139777524
122,0.8173431887368485,0.9412061800896008,0.8797506464311828,0.8142985559307104
123,0.630819689653532,0.6714320398374864,0.7949344663030969,0.7693488617707043
124,0.6697348407263335,0.6577981913051075,0.7390999194399357,0.7517777637379894
125,0.8157128664960553,0.8663739479453136,0.7909190877026804,0.76048436454246
126,0.7796809396545838,0.835151915444297,0.8089283262755207,0.739583099396674
127,0.7344116987765338,0.5337079357445444,0.6968733226448283,0.6919597658128841
128,0.8719945623970835,0.5905406007176897,0.6535803329116934,0.6885853452994232
129,0.8574018282441106,0.8828504892933566,0.7469268620558164,0.7126252894610894
130,0.7079565209937484,0.46570356337556695,0.6324277957117335,0.6890684376393877
131,0.8829140623668608,0.3932443197798649,0.5350450937533529,0.7279668060827319
132,1.0278312026738974,0.9318752699311714,0.6966130893026107,0.8604571803354488
133,0.9271491986431315,1.1568344142729545,0.8839905657351561,0.9729782889132892
134,1.0530059936085516,1.1399337224678552,0.9881969121530301,1.034091248182688
135,1.1059206852651344,1.2902827351498165,1.1111900811089317,1.0656095137176107
136,1.0544972125689944,1.0212992623030241,1.0745913537827012,1.0343067310530196
137,0.8166228437457543,1.2919678807734167,1.1630954340006616,1.0066409764956865
138,0.8523324004578279,0.6288140492423645,0.9455646674996815,0.8991947519206659
139,1.0036680069313486,0.8064691003495826,0.8889324018018269,0.8673498787078384
140,0.9450134868980851,0.7322555235798809,0.8251419678004271,0.8525279256600737
141,0.8758480080159858,0.9634904144992007,0.8814700460624442,0.8713354292960508
142,0.845865311580728,0.808544169484134,0.8517785346559366,0.864375408300618
143,0.8111664550654851,0.8431772498772918,0.8482765521348007,0.8730264019262011
144,0.8701989816572524,0.8336996839709135,0.8423416320808135,0.8900235393762495
145,1.0461542789285732,1.038981676248075,0.9224029270328021,0.9227694323417331
146,0.9657751925574948,0.8593574041356263,0.8967341665041493,0.9230211325001009
147,1.0182383394839234,0.9273945520934569,0.9092174335030078,0.9410738955650786
148,1.1397199088402772,1.0057109894586633,0.9485044417878552,0.9629515501328817
149,1.1323503103235844,0.5463629327721545,0.7847739559547763,0.9728732057536557
150,1.2370255677008695,1.2690300456045045,0.9819371013859569,1.1020517191599648
151,1.2516439420319831,1.4237545777928917,1.1618215162992853,1.1845412972896157
152,1.3313232593031903,1.201071450187263,1.1778019873531798,1.2001442703816716
153,1.2879290428638592,1.1765680304260073,1.1772995861768438,1.2154879940318697
154,1.202348650249759,1.2713491516781692,1.2155915324362905,1.2417141579391724
155,1.3336124917189867,1.1310133960820639,1.1811558448843416,1.259654058987901
156,1.454544390646028,1.1367384193901542,1.163071447992764,1.313563272415335
157,1.4284760659632296,1.841710943014248,1.4393771059124112,1.416914615812489
158,1.4768409738076902,1.468653559079545,1.451296909745288,1.4014883390909476
159,1.3029398482810828,1.1932318287628216,1.346226629412296,1.3672819447597613
160,1.2577245067727318,1.5793229134073776,1.4411309528128182,1.381741834093689
161,1.2083205382624393,0.9244788458477322,1.2307778840954708,1.3409559294351068
162,1.4819197054568265,1.4923428570834085,1.337273133016813,1.4166214949395148
163,1.4624791203685892,1.27725800187706,1.3128381857195321,1.4711145534996104
164,1.5233514987517547,1.9584247269186712,1.5756864509895199,1.5798119880669574
165,1.6725517139626511,1.426955622548665,1.5151312229092804,1.5826452303432335
166,1.68201831846356,1.6666482044654514,1.5768208233259957,1.6290109607953522
167,1.6911724544288689,1.4683900124205151,1.5326736041237723,1.6648529132750722
168,1.713003722537416,2.0759481532663155,1.753865905534226,1.7556280050284663
169,1.7969467669781307,1.6899119052752938,1.7278272616772572,1.7568381395366226
170,1.8360800255894771,1.8044748940176834,1.7590340727119351,1.7767615686757172
171,1.7971553790325547,2.0342291681900853,1.87107877755179,1.788936054100121
172,1.7075567011823247,1.822825954079233,1.8514328120076784,1.7325239476511167
173,1.6003647983958325,1.677514882148843,1.7806227451220968,1.6508624293577852
174,1.5657714498440343,1.4573833989335068,1.649016994396776,1.5617485987205568
175,1.5148977690671541,1.5367006799140703,1.6032878062255635,1.501816399985787
176,1.359928728387281,1.1729571356392507,1.4280802034679463,1.4321301815382526
177,1.4157318763349527,1.3866110032070234,1.4111961659995211,1.4349115331226405
178,1.433580713466986,1.5036973981350208,1.4488577138332028,1.4511982321558639
179,1.4203278443068361,1.2829413062126973,1.3813054382825485,1.4528055999568779
180,1.5292504167617822,1.3576235081123398,1.3716634246000416,1.5019088505188887
181,1.627058566982816,1.6152412675761316,1.470835277479053,1.5913558340457121
182,1.6901185454552823,2.0683455619035582,1.714109465708316,1.6741241935624485
183,1.6992563464773607,1.3668927823262622,1.5727414273811051,1.6466640201727478
184,1.7080419186225884,1.681601166864818,1.6170632833291685,1.697430892736964
185,1.7381827120189806,1.9035110195880858,1.7336894608611852,1.752623926842195
186,1.995463671894336,1.6801611081791716,1.7118955823532884,1.765627307611573
187,1.9567207345969375,1.5797811746772088,1.6581056709181339,1.8025279565989716
188,1.9898892622172746,1.9942501123804883,1.7949656853081715,1.901711000587396
189,1.9896137417251096,1.8871393058671637,1.8324938472530963,1.9750191140200746
190,2.0142484891335712,2.16229204660849,1.96677001172938,2.072899366618007
191,2.1297287491005665,2.0498647858857235,2.0006017536356278,2.145784464819845
192,2.1613615806297286,2.555713425731981,2.2266134975772367,2.2454897364949185
193,2.1900569013967117,2.416073689527455,2.303751541222531,2.25845312940954
194,2.111398701236015,2.2307403973203437,2.2740253135282216,2.2273441191188255
195,2.0334234602561168,2.1027877901058125,2.204306564594722,2.1952854729291977
196,2.0582347638684593,2.186693799108276,2.1971355897380893,2.1890901733099786
197,2.089030408533334,2.1495989792285752,2.1777812277558333,2.1835649256812437
198,2.1999093695076204,2.2577139944848557,2.210325569578587,2.1875369218523852
199,2.0585739506497913,2.1611057450641407,2.1902858929978377,2.1718866540338886
200,2.127347857706281,2.2684105097758667,2.222094052995791,2.159250844270098
201,2.2010822751444357,2.1326725555233472,2.185686408182102,2.116092818443055
202,2.0889990348923786,1.8898014281103368,2.065217890379903,2.068298919877745
203,2.0944992686373944,1.7965079281812915,1.9558135845009763,2.070414839057209
204,2.351341771332761,2.321477485276408,2.1046923418123553,2.14911807532158
205,2.31548473503027,2.3617256044352986,2.2093425209682525,2.1796277675071822
206,2.1447818726117687,2.3037078660356736,2.247763035755478,2.159220946733361
207,2.153232649058606,2.1102998180153905,2.191795375317112,2.098414029927495
208,1.9777526240227328,1.9495928171061787,2.0931834647412693,2.03428371898681
209,1.9714215554145693,1.520035874582794,1.8598284608760958,1.9938338947333591
210,1.9829154140422147,2.1388996212315883,1.9734512917518359,2.0858630907698013
211,2.0223600608896994,2.2072320570266966,2.068634299272175,2.1630627026874243
212,2.1205226494959897,2.4180546040770126,2.210899534228074,2.2279120882620913
213,2.16267454000097,2.2709299728522057,2.2353407139132035,2.239595582171337
214,2.191541561421057,2.3062458486218165,2.264209487450948,2.242517643566654
215,2.1788992243502903,2.2089792535365684,2.241722694049268,2.2276206136794485
216,2.0901001391988365,2.1998190052437177,2.22466175611445,2.2179359085035513
217,2.178569520368578,2.228571143818811,2.226253449420897,2.213316884255968
218,2.1530346560110436,2.1796932246350784,2.2072966194151147,2.204432605034354
219,2.0579937357761446,2.116874182587329,2.1704814457011117,2.202465722548238
220,2.233747778032957,2.497363491897172,2.303570308785132,2.224431154839463
221,2.2204452367926897,1.9852201599907542,2.1739551773983807,2.170081771363105
222,2.0971411744603476,2.135885560256699,2.1584552681118625,2.167421681894429
223,2.188814016045863,2.010451866725347,2.0981962093708852,2.173579431084052
224,2.174891224844956,2.3359636787745317,2.195002389305026,2.225349401071158
225,2.1290740237080605,1.9230494407338938,2.0842777130529377,2.246190429785862
226,2.29315942843386,2.305691259370508,2.1744254513387293,2.357385153164608
227,2.411761626100968,2.6874411927345108,2.383297986741358,2.4830340450150494
228,2.456932449183248,2.6954694370043613,2.5103974829855593,2.551528500758898
229,2.5212233083410216,2.474265098850185,2.495686311230939,2.579775523203323
230,2.4757015913964087,2.614930020752394,2.5442359636661567,2.6375243946513223
231,2.4298268016771694,2.9415436062886684,2.705998357981038,2.701590895956117
232,2.568304396054901,2.535299210602321,2.6364988069398683,2.6985640396933577
233,2.6720497070360185,2.6188529393279225,2.6293143546705124,2.7411877849229898
234,2.8172294849180806,2.9915489120154812,2.7767968669950647,2.818017668216685
235,2.824479948735431,2.6781792519271193,2.7366450555934123,2.84632635009032
236,2.958090654344688,3.1211319271004707,2.893187518524871,2.9216507683787474
237,3.0090618196887813,2.9208386866378215,2.904445593325622,2.941198110044211
238,3.1426940727073487,3.1386429687764417,2.999798222198106,2.9664381653805516
239,3.093111800785435,2.804311001084142,2.920206295054126,2.943527906294195
240,3.131571756995525,3.052127625393986,2.9739175957382042,2.9595441906411724
241,3.0250345583214875,2.962877926362059,2.9694228335963477,2.9496731512563445
242,3.0225658846177814,3.082032386365767,3.0152714126935702,2.9361099147859373
243,2.848888716985034,2.729345177485007,2.8988575624603343,2.881745186432908
244,2.959108720414214,2.791778169463695,2.8552605682555745,2.8699931390513456
245,2.908793594019689,3.1180689919982245,2.962262083731386,2.8801108380644243
246,2.7927842422217446,2.7442927154825196,2.873516630302646,2.8236928789227402
247,2.7853583682550394,2.7159593745697497,2.8093677537272947,2.7894760591190275
248,2.824030007310973,2.590973532042972,2.720449322732609,2.775815294701436
249,2.9206809633080604,2.9545358420157557,2.8157568169105045,2.8138382743777273
250,2.716928901374181,2.799051733473247,2.808955401573503,2.8125207014870544
251,2.8970098276040535,2.8812915135933728,2.838406792436581,2.8149691968594315
252,2.806484292217857,2.67172500261665,2.7705428942442683,2.798873259434313
253,2.798638739024037,2.8552296503504833,2.8050228059421096,2.818329341600621
254,2.681144048586052,2.9173677667818487,2.850763657375754,2.827467700721098
255,2.970799993468005,2.7950423100343134,2.8280769088880926,2.811469034845269
256,2.951029064640465,3.009684886902227,2.9020179515429465,2.8000634578321493
257,2.8411956223479624,2.336778439735253,2.6718826936660665,2.7300454755874792
258,2.74795499230825,3.0089480126475703,2.8091176400644216,2.769989184625218
259,2.624773595445525,2.7831202492213736,2.798532894800141,2.7431174362746757
260,2.7037746086847676,2.571562208019487,2.7061225865297427,2.7050604713494963
261,2.7793647259245207,2.724830944173254,2.713739627838432,2.704331056106229
262,2.6835344710779694,3.0941608784100203,2.868626787658787,2.6978696517628187
263,2.4622623458460353,2.539975268481987,2.7348174899409132,2.5806009598773088
264,2.448769152309903,2.1369111085635835,2.4913820322453826,2.474691648077308
265,2.4047982960920704,2.444643692078594,2.472352683195416,2.4632294066419096
266,2.4861924043899326,2.3736178009848965,2.432153126893535,2.4569639308155216
267,2.4350831327767413,2.682437986169893,2.534055717616598,2.4740029289533907
268,2.4288880404479354,2.4922313014265822,2.5170270552453906,2.4327612441847863
269,2.4309639389815922,1.9854110708213049,2.3005814970153207,2.374891092042103
270,2.3677243402756902,2.3368244383567216,2.315337681743358,2.4259237411762613
271,2.474703019294417,2.708653736414884,2.4754749152135904,2.5018695132953868
272,2.5556532786756088,2.499825247612365,2.4853890664873717,2.5199961934698645
273,2.5760339544733704,2.60559079348393,2.534328772331946,2.543762886966206
274,2.56243984020041,2.358095618246669,2.4625760701329007,2.5502418330814165
275,2.6435400950140133,2.6546677948227244,2.540785532978356,2.6104469266499857
276,2.631720489001315,2.6527757542023918,2.5863819534385217,2.6582873900539306
277,2.6647566939667984,2.7500789346923225,2.6530305974337547,2.7076689660981828
278,2.8124658302401313,2.989363569650323,2.7899673714501674,2.7451922589691717
279,2.806381984380845,2.9081154623588903,2.838070946661998,2.7144426282604917
280,2.706566069943423,2.4541433573337765,2.6817561934814744,2.629539990939481
281,2.6711727368736504,2.520732859563183,2.6161961154944127,2.5936801380835575
282,2.6644559195071054,2.798826891328733,2.6905535866458377,2.5782171285663256
283,2.485599280817784,2.48039958268721,2.6049901310052275,2.5010692575803564
284,2.3444873181263466,2.403808716822666,2.5230798333955105,2.42970084991651
285,2.2697785401488026,2.1847050593128157,2.385311747007654,2.3655721610349376
286,2.285223293928767,2.574931721452013,2.4625148455274313,2.3520158583174204
287,2.1938485131565546,2.306493696778209,2.3989913894498147,2.2761298836739585
288,2.2684985241843196,2.0593265833174828,2.260698071098851,2.191753860441779
289,2.3176680521970368,2.3569883868427213,2.2999023308539637,2.144405927634101
290,2.1892009976717475,1.7373053423685336,2.070842966953904,2.0376176537337676
291,2.103799897320426,2.168486161388939,2.11059804645881,2.0147999307825843
292,2.0865464104768177,1.427089974271642,1.8323101646533362,1.9490098854559164
293,2.1211481562122745,2.0054662274608903,1.9028100400773305,2.0291542585160287
294,2.1417843877735967,2.3060131594693596,2.0669727568012397,2.1159220597318433
295,2.191182876859198,2.1116674709789485,2.0851700507945865,2.1495383457702584
296,2.2988987251834088,2.2163010632213433,2.1385595763498264,2.1937437355543574
297,2.299270929477714,2.0714616469903957,2.1112408929358635,2.231641854006401
298,2.42189295796687,2.5790451969348003,2.3017057523233606,2.314328080455538
299,2.4331532618803418,2.538599123153323,2.398156046130537,2.322996555133585
300,2.291076267358695,2.2756668607483177,2.3482850097358687,2.2713802338258593
301,2.2527084093254093,2.266986259379308,2.315184512535063,2.2185653255446063
302,2.2408594246165228,2.1822881284826634,2.2610762221981178,2.1522114035842654
303,2.239946581101522,2.1467206952005187,2.2145167759006115,2.077447705984081
304,2.0028384584943075,1.9786189623158816,2.1184718196867505,1.9833145358372835
305,1.9422423700527114,1.9170059332374227,2.036445700204883,1.890494298529709
306,1.9371631175804644,1.3257165783444782,1.7470748647923706,1.7902611231282917
307,1.9182224700244825,1.8319886347562377,1.7816472043753493,1.8199195968190696
308,1.8446999534240778,1.9334186477192883,1.8434404080043747,1.846203437747031
309,1.7495577499556554,1.8761796215244586,1.856770062405276,1.8481009683062195
310,1.954008209458796,,1.856770062405276,1.84214740554883
311,1.8796974235982122,,1.856770062405276,1.8361938427914404
312,1.8211365485084923,,1.856770062405276,1.830240280034051
313,1.8123846300681732,,1.856770062405276,1.8242867172766615
314,1.820568210714503,,1.856770062405276,1.8183331545192718
315,1.892651436701812,,1.856770062405276,1.8123795917618821
316,2.0240502073628157,,1.856770062405276,1.8064260290044927
317,2.0516436679266503,,1.856770062405276,1.800472466247103
318,2.249686876246523,,1.856770062405276,1.7945189034897133
319,2.243765920764,,1.856770062405276,1.7885653407323239
320,2.1733274545844687,,1.856770062405276,1.7826117779749344
321,2.332873984430611,,1.856770062405276,1.7766582152175447
322,2.33715957866426,,1.856770062405276,1.770704652460155
323,2.363973271170218,,1.856770062405276,1.7647510897027656
324,2.309498059305235,,1.856770062405276,1.758797526945376
325,2.326425845926159,,1.856770062405276,1.7528439641879863
326,2.430580647265022,,1.856770062405276,1.7468904014305966
327,2.573440512053013,,1.856770062405276,1.740936838673207
328,2.359000119667272,,1.856770062405276,1.7349832759158172
329,2.3666113520525736,,1.856770062405276,1.7290297131584276
330,2.3898367302629704,,1.856770062405276,1.723076150401038
331,2.2236128308357457,,1.856770062405276,1.7171225876436482
332,2.174451833975832,,1.856770062405276,1.7111690248862585
333,2.0748901009275715,,1.856770062405276,1.7052154621288689
334,2.240787135661363,,1.856770062405276,1.6992618993714792
335,2.228294591994749,,1.856770062405276,1.6933083366140895
336,2.118330214586836,,1.856770062405276,1.6873547738566999
337,2.175733229671503,,1.856770062405276,1.6814012110993102
338,2.267602145321377,,1.856770062405276,1.6754476483419205
339,2.251391068580962,,1.856770062405276,1.6694940855845308
340,2.169236285090737,,1.856770062405276,1.6635405228271412
341,2.0231989468181544,,1.856770062405276,1.6575869600697515
342,2.039880207772976,,1.856770062405276,1.6516333973123618
343,2.070482777104539,,1.856770062405276,1.6456798345549721
344,2.1205684536661193,,1.856770062405276,1.6397262717975825
345,2.2618450568271897,,1.856770062405276,1.6337727090401928
346,2.0842897240000444,,1.856770062405276,1.627819146282803
347,2.050874462359515,,1.856770062405276,1.6218655835254134
348,2.096257161429263,,1.856770062405276,1.6159120207680238
349,2.248694134475857,,1.856770062405276,1.609958458010634
350,2.299442191137631,,1.856770062405276,1.6040048952532444
351,2.3330857191621535,,1.856770062405276,1.5980513324958547
352,2.2433209161305108,,1.856770062405276,1.592097769738465
353,2.2573009448218406,,1.856770062405276,1.5861442069810754
354,2.198401945374745,,1.856770062405276,1.5801906442236857
355,2.01774036139164,,1.856770062405276,1.574237081466296
356,1.833507566251853,,1.856770062405276,1.5682835187089064
357,2.0114245872484524,,1.856770062405276,1.5623299559515167
358,2.0108419761521437,,1.856770062405276,1.556376393194127
359,1.8760555645792332,,1.856770062405276,1.5504228304367373
360,1.6911309610679635,,1.856770062405276,1.5444692676793477
361,1.5140973157897082,1.4458558299383988,1.471623476983794,1.538515704921958
362,1.5681338295840737,1.6001690272589706,1.5421847266476898,1.5584708394067075
363,1.3920528176995788,1.7789366774754094,1.649460088532607,1.5667667122660576
364,1.3635574432430877,1.194474230165906,1.4570584335579178,1.5157375817897176
365,1.515965992484397,1.535544930215123,1.4894437829703315,1.5545371383658158
366,1.544839232728356,1.5812578030472546,1.5270016997388682,1.5986471205282131
367,1.7498177957228727,1.8357014687799387,1.6528956579679308,1.6476193428127943
368,1.6855583727160026,1.3693681896361105,1.5373913562873713,1.644001780584875
369,1.732598135906557,1.7722108399738634,1.6330168042588618,1.7171747230028505
370,1.759702901474098,1.9019856121305807,1.7425343603991588,1.774958975416248
371,1.7846721733552484,2.0763095449816804,1.8784331693848366,1.7972252145266623
372,1.7990516078816743,1.5199235913478846,1.7324659745884867,1.7414564743748326
373,1.8654457582313273,1.826377869342878,1.7707019878812198,1.7476307100422754
374,1.9093765818471555,1.7214861048986896,1.7506638941271835,1.7317863933497044
375,1.67493315692371,1.580693780686593,1.6814611400136252,1.7188221480475967
376,1.7017379155997399,2.0272865129477053,1.8222627302948846,1.7444800792932362
377,1.7000911841556638,1.8386310919515234,1.8289270508729392,1.6910622912053153
378,1.5152230463889802,1.4898674952385307,1.690880155802468,1.596382679899983
379,1.5441339515724273,1.638619863833139,1.6696025635809022,1.5314858593827212
380,1.509420460226484,1.1653163483836921,1.4642842233135638,1.436633219411393
381,1.4944665557630565,1.3557965343313292,1.4201138463725178,1.4176436935376013
382,1.489876375340988,1.4483342335701028,1.4316036767030067,1.4159472983036467
383,1.477402026386078,1.4302438209016057,1.4310500162475335,1.4051951677736079
384,1.5252354789113878,1.4333724582109437,1.4319955902369756,1.3874391645280943
385,1.4732261202297636,1.3710592747629786,1.4071855860124272,1.3568397185348504
386,1.3251521396387336,1.2924700167943415,1.3604795498045728,1.3222643317441738
387,1.3016947393139582,1.3976518587822695,1.3756141232619632,1.2960197557355009
388,1.3668373899648023,1.3039631163400047,1.3464416705040232,1.2413577510567826
389,1.228880699365484,0.9136345171245905,1.1702257765807433,1.169190613167553
390,1.1324208931055357,1.2159586233542017,1.1888457425700194,1.1684797072442625
391,1.1060250924734571,1.243386611616833,1.2110518635164762,1.154493185925467
392,1.0029358315370194,0.868913778359554,1.0717515584028463,1.1156511070801496
393,1.1875416212844154,1.3108538781240928,1.1691012178985725,1.1457994380458782
394,1.149074181502793,1.1316277293598682,1.1538440202535942,1.129796773046892
395,0.9262643837031663,1.50167586219258,1.2954625182004484,1.1132821529779804
396,0.9822664963640216,0.7946685735004612,1.0915660438755568,0.9881684761482225
397,0.8960338503182437,1.079626572113232,1.086704930390852,0.9171594524379918
398,0.7061645599602131,0.848692533469588,0.9897990290886,0.8007228753642902
399,0.6876724397047213,0.519856979266735,0.7984637940887163,0.6708734661571587
400,0.6399029042650215,0.5162221365611919,0.6835501065601035,0.5832498902798225
401,0.5441075384344726,0.21562905976266672,0.49303771575720323,0.5143679949651334
402,0.4269088082851286,0.663631565325163,0.5624943951690436,0.5290167177089407
403,0.48458153077035626,0.6254293570878711,0.5881181411883923,0.5060256817998874
404,0.3939661823717944,0.7355741857040867,0.6481543455251999,0.44964809455797355
405,0.278966636248908,0.11431900036614484,0.4308051824614363,0.31332249820804703
406,0.22331122352813737,-0.04197164909162687,0.23831577615698898,0.23264041936370045
407,0.09439969836975645,0.197094798628544,0.22153280169169143,0.22874282724469253
408,0.23459298355552888,0.4168391034533145,0.3010510681645115,0.23369436417827433
409,0.220858072440539,0.09466326342404621,0.21702100714721,0.18743666300086764
410,0.09985649196166535,0.09918269586496013,0.16904355760906975,0.16711940176239184
411,0.16791570244903592,0.015343274258741796,0.10646503362822755,0.16579797388800277
412,0.19555371714188088,0.17496211794904887,0.13435337801090003,0.20654529758535
413,0.30621477356172133,0.5847732574997515,0.31774023075856606,0.256123617863323
414,0.3654197283456905,0.22794364223753552,0.2811798689578463,0.21380796554971693
415,0.23464005946134087,-0.008162645254454926,0.16337509287268218,0.16753982605994708
416,0.2954516965485148,-0.033616482214933296,0.08317067335611973,0.17039998654671157
417,0.2033090759656491,0.5968085445253938,0.29229650668443263,0.23030534510323009
418,0.19029307002105933,0.014403486983114139,0.1791533515878971,0.1877324687841999
419,0.24097316975276903,0.10178049607680051,0.14765126851735821,0.1936242392561282
420,0.3419792541719659,0.27249848687004014,0.19848236965343868,0.22519650774340763
421,0.33093177074423036,0.37231432386694413,0.2692574318606568,0.24354263431798373
422,0.12934613172376785,0.22265299524090515,0.2502826011638561,0.22588281205575528
423,0.12177629466730336,0.1414493490916794,0.20597152947124023,0.2091260812990827
424,0.10242149912207875,0.11028123754256694,0.1670115672794757,0.21129249246775858
425,0.1894239218561381,0.1891077050842914,0.17600793123770586,0.24170273649687884
426,0.332170096879161,0.28624754790761325,0.22089159927683788,0.2868191167640558
427,0.3854289581668248,0.5526632307386992,0.35597123961996624,0.3320953138284951
428,0.3334844336238802,0.13458375410780504,0.26583411189845396,0.31569834997436297
429,0.2580504868217957,0.46181490689043636,0.34562699589227597,0.3499429743079076
430,0.3970387441028207,0.36730822343647684,0.35445443061285076,0.3529070035436496
431,0.421017567578022,0.08796702031805309,0.24595502884066822,0.3518442968682226
432,0.39365241103388,0.4543739701678478,0.3308120598988144,0.4245645136904972
433,0.6640352183604812,0.3570342152697402,0.34148831724161094,0.48894968599688576
434,0.7596476265695933,0.6933268849718266,0.4847381393509564,0.5902198421566445
435,0.7710783937828738,1.2703552089458527,0.8045993364662984,0.6626601606298661
436,0.6766658456868822,0.29202985768240075,0.5959084952996905,0.5651824101961359
437,0.5157972121328507,0.5789332045295312,0.5889970660076513,0.5440810501390552
438,0.45663255854858525,0.29432479305705594,0.4690222975988151,0.5132346530149662
439,0.5033905783697864,0.6208242548278162,0.5308279248476705,0.5435978062596305
440,0.6481536008059934,0.30415952609272906,0.438540692072345,0.5523676142143972
441,0.7379147880326886,0.6868090906307864,0.5396222879823733,0.6305390721210495
442,0.6524546897166471,0.7581026476228381,0.6285757897396925,0.6929768278870827
443,0.7093610840626007,0.5035337221834915,0.5776653564430637,0.737204704279987
444,0.9127851249802068,0.8130254027540189,0.6734913626231025,0.8467694994900771
445,0.8531865344389338,1.3946596366460158,0.9671124617287026,0.9657695069341478
446,0.9441243491046837,1.0300502192573644,0.9927373459706573,0.9648472230647652
447,0.8552299589269673,0.7512196942446834,0.8944042926354092,0.9456934804551875
448,0.8545686336945569,1.1193329917731842,0.9859832128960195,0.9809166992796116
449,0.9551113426708774,0.5161520538606832,0.794693126685668,0.9774372345937067
450,1.1674269441432616,1.3037736387864955,1.0019634474701031,1.1029380657696066
451,1.295336999966145,1.4328986347054657,1.1774171770324,1.1722831115241543
452,1.1937455095270968,1.2062223962875755,1.1891451196532006,1.1687572550904104
453,1.1127482846715944,0.9652176652153588,1.0979738526128686,1.154755742385993
454,1.1228347976504778,1.1231748775958459,1.1082343603482026,1.193751113803667
455,1.2458427656793944,1.338895072696407,1.2021470494108506,1.2524803596380996
456,1.2781795488161325,1.3063651192385677,1.2445790660590292,1.2870471226471318
457,1.3726599929677725,1.2432864496924212,1.2440527819004539,1.3162123661192449
458,1.315837390806369,1.1615839181147252,1.2104758771765693,1.365768479859026
459,1.4535401415596991,1.7248574787952053,1.4199045177134715,1.4724167922736984
460,1.434786505114907,1.7684989570076137,1.5618335044625398,1.5084799747187485
461,1.4860873035256887,1.3556205247120343,1.4778746228184194,1.4718390542225133
462,1.3518696454030512,1.3647242034729583,1.4318058318174745,1.467694084055888
463,1.4115739851723659,1.3484468147148698,1.3978665043350074,1.4923405995410153
464,1.540814665875934,2.135608391357201,1.6982354910561472,1.5572213642817947
465,1.5515135781292828,1.1771424971699391,1.4860743310156614,1.4603788979483205
466,1.536048658860562,1.813892023051511,1.6195441389772482,1.4427323743788778
467,1.4470674974545483,1.3438011369883365,1.5072763559492757,1.3213056226614457
468,1.3357830474014334,0.955713711290747,1.2827095859126294,1.1935888832864106
469,1.2007580750722062,0.9714386469260202,1.1559767296334076,1.132384599424087
470,1.116045735191219,0.9440125413460352,1.0696762638783275,1.1161825342282574
471,1.2529557532890951,0.9775941266555275,1.0321853490485215,1.1481210500612518
472,1.4086561646680151,1.113463261166645,1.0652773620346245,1.2277407270326166
473,1.377888337982368,1.5241181094511265,1.2520927412239033,1.3393136120699936
474,1.5017511193527582,1.4557060770926933,1.3349931871029912,1.3992131727856725
475,1.4224078455590219,1.544017922571604,1.4200968650922996,1.4433167100955413
476,1.5166285039918368,1.3971364944451525,1.4107486318045537,1.4592631057470435
477,1.6052393493108983,1.7609821814068716,1.553344976488764,1.492580769848739
478,1.562902494795916,1.384558633159001,1.4846242168163473,1.450850513665022
479,1.6381213328070985,1.529363546713104,1.5028396759411011,1.4276561799822507
480,1.5389529461007516,1.1631553663001353,1.3645384168059296,1.3760233730941958
481,1.3782177280788432,1.4882026092626208,1.4148878531539661,1.383910749473639
482,1.315089460759152,1.3798244750218434,1.4006119233933871,1.3626370006025703
483,1.2804232458067148,1.1695868059480639,1.3065508680908615,1.3365574490994026
484,1.3664715213633647,1.331232378446681,1.3165998572925575,1.3571646845415102
485,1.4599410015831882,1.2691053321812364,1.2972626302305674,1.385022871568871
486,1.5347221265507707,1.5180710392907748,1.3871639890332108,1.4452928488515158
487,1.6365268437094047,1.2159690475114693,1.3174625771691948,1.4852132616408342
488,1.7426378379367498,1.7931308648739885,1.511129229567055,1.6004172513755468
489,1.8560274066980056,1.6805179927641678,1.5800952623469362,1.661736442890365
490,1.8367250593168767,1.7420845692102784,1.6460486327846624,1.7178041111379128
491,1.9200552628132015,1.9242910018588542,1.7593340242364701,1.767082702266492
492,1.8199046636346545,1.8133889975096493,1.78134231444599,1.772404162664939
493,1.7992089922416472,1.8539450787884366,1.8109022718542893,1.7662658226082366
494,1.769104874984226,1.414880121827536,1.649663261280006,1.7356114198740071
495,1.8460067328367213,1.9006811942667077,1.7518643203582502,1.794636936291824
496,1.8939555044327216,1.8829318693867025,1.8052280070164746,1.8240113380861207
497,1.9814887696049108,1.7098038397131732,1.7663763965198904,1.8369109258675171
498,1.8260697590187072,2.025184204823598,1.8717490756414232,1.8853510214802451
499,1.8887164310031404,1.756082881287962,1.8246559957892359,1.8946922556678927
500,1.9620308213544286,2.069842763075406,1.924482916481572,1.94279016113714
501,2.0016371901247276,1.8943875115012525,1.9122296793292277,1.9553627931476372
502,1.8697236954487422,1.9495233093675595,1.9274136482251538,1.9849847694585732
503,2.0651516234746947,2.279995887829518,2.0709662536943987,2.024522151261102
504,2.0923371267696327,2.1048071135841004,2.084744439498475,1.9926263296922304
505,2.172292524129273,1.6947520222148453,1.9259604131756103,1.9293635548789694
506,2.0667293469867896,1.6349051892179447,1.8074583134060895,1.931700686933568
507,2.053581761334492,2.0617973188809953,1.9110115353419097,2.0170250310312268
508,2.069843538852296,2.073074098472675,1.9769947318085004,2.0898305620941886
509,2.185455082260521,2.4556990441082585,2.1718974908275133,2.1673213805363507
510,2.08284627751069,2.121485499672079,2.1513724278368884,2.1641787038631173
511,2.090502899549165,2.2490530792950136,2.1911427578355904,2.1729735060811373
512,2.0919203012319594,2.254923861104982,2.217111007297895,2.160495641688511
513,2.16257085443387,2.034751710678392,2.1428640679437083,2.121614631938633
514,1.9535477981431673,2.2085746333951657,2.1696178910744446,2.1070214288461533
515,2.0673982539380944,1.9678132583180656,2.087453852237862,2.064032857951848
516,2.0347906599515557,2.035583536975799,2.066335037771383,2.0479483215828833
517,2.0406617839422703,1.8961433156917937,1.9970420831369198,2.0353211119252497
518,2.045237923164537,2.184816290501289,2.0734936841515497,2.0616095104106287
519,2.199345113874898,1.9516983591434642,2.0239051505416232,2.053447968572711
520,2.2392606865779006,2.205936270381912,2.0980184738867798,2.073736711452704
521,2.185412238714013,2.2357639089489068,2.154101038104567,2.0570610363637662
522,2.141648367294099,2.0600942630650962,2.11582651382955,1.990418116845344
523,2.055680945687262,1.879729143542148,2.019700308813595,1.9042929977477958
524,1.8474158994880334,1.8383115506454968,1.9458485207397553,1.8250361963749058
525,1.6080687666988935,1.4121719154338772,1.7285639880429124,1.7420674632231319
526,1.6483320300367987,1.6374662653756098,1.691473874099907,1.7513410719773659
527,1.7603789974366382,1.7138604509431017,1.7005884892801386,1.7924553009383022
528,1.734979431608037,1.9384246412193147,1.7974226330644623,1.8555454949399672
529,1.8686633915279625,2.1610393443978246,1.9454678844720046,1.8954617885989051
530,1.90566113805154,1.8245847233126138,1.896250735130446,1.8611197424022974
531,1.9748730135188446,1.8562303077985771,1.879956560409879,1.836993280335264
532,1.9980564351631929,1.7910394369553435,1.8437542696845945,1.8074879385700426
533,1.891258179196817,1.6438078604120872,1.7623467999337186,1.782581774695982
534,1.8005550527275926,1.6590098973635707,1.72027354740202,1.7964782892296565
535,1.9736185358315863,1.9959671402215464,1.8325212136623208,1.8488124440672282
536,1.9519238062537883,2.110438749198688,1.9456743502939455,1.8600005637833663
537,1.8699092137790043,1.835281465804402,1.9007282798068965,1.8011634743682865
538,1.8596336687111588,1.6133357598308466,1.783717436943037,1.732786627741306
539,1.8751753069322346,1.6540334024018277,1.730917043290073,1.6978095280118035
540,1.5933341629803797,2.0696715110570274,1.868839720611712,1.6750727036448996
541,1.5503703870898828,1.3022964151205558,1.6381736277714332,1.5420018103494122
542,1.5274212242949006,1.0124326775245667,1.3834054243090745,1.4759551226595728
543,1.5979718285407456,1.765243381657227,1.5388693912572928,1.539514294011414
544,1.766240832376167,1.4701003522946012,1.5108703215089476,1.53995718561868
545,1.8966067206375194,1.7113196285256984,1.5924825442886539,1.5599327988620293
546,1.764592238148121,1.4758021253477942,1.5449765265011486,1.537579026954587
547,1.8979889789329523,1.3863675903040438,1.480399461963387,1.53249874090682
548,1.8448089129731273,1.812294801533197,1.6155294696229,1.5682782956400223
549,1.6721200623525696,1.5660033932391197,1.5953651036822383,1.5358282118765976
550,1.5629136473360392,1.3541569253997243,1.4971580513593556,1.4949408229874432
551,1.5181009424696388,1.5041494055104394,1.5000045563485815,1.4934181254473298
552,1.479299319103304,1.4908536008801603,1.4962787773601136,1.488894846628372
553,1.5220183711311388,1.3326451322182218,1.4296559204376924,1.4838238790618272
554,1.506146812632014,1.483267993470884,1.451483885388956,1.5210241144524623
555,1.5571718910215946,1.5909126811524885,1.508251823932184,1.5687813671898494
556,1.5410525785880258,1.6425518225573994,1.5629315909527774,1.6103504666070374
557,1.6061707460711745,1.713979089384495,1.6244300429843253,1.6429157207001053
558,1.6809293937336045,1.9021724710157888,1.7375118852178137,1.6556108928987496
559,1.6606943845743074,1.419391075867659,1.607990128570505,1.5993647970446168
560,1.570587180401698,1.5427707934046284,1.5814363081042808,1.5934412885492766
561,1.5347915794614893,1.5069463458096921,1.551107984758519,1.6016857952605712
562,1.607876131931844,1.6586561834442943,1.5948958515330653,1.6364204705928065
563,1.8052471388183577,1.6710025344492554,1.6258824169326729,1.6649378015531164
564,1.827783042699377,1.6071174852058356,1.6182423416870715,1.6917593679930405
565,1.9569160946159785,1.7620745159714752,1.6768031001416135,1.7422477148546673
566,1.8133272671742262,1.9642689526177108,1.7938438000721795,1.7871922749638662
567,1.7807390058915589,1.8756954137440585,1.827169393606457,1.7826242922297757
568,1.8032792440625016,1.6470139632349137,1.753819750560659,1.7520326233021981
569,1.7625742308874464,1.6030730451459982,1.6924437653367244,1.7508053007968576
570,1.7304342051523491,1.9130921118580555,1.7822799552456665,1.7908855052575907
571,1.825284170618213,1.9045779187436276,1.832073136329929,1.7967954286558638
572,1.927974406082299,2.05184938732644,1.9215542556461311,1.7725682090439268
573,1.8140965868645398,1.36401708738903,1.6945549795650086,1.6702509694008447
574,1.741508782747017,1.747409200473218,1.716074387717655,1.653560015523169
575,1.6291693689929054,1.600465922570861,1.669004812106742,1.6106278205503184
576,1.66186430413511,1.3012288661232443,1.519266143096955,1.5705370015042321
577,1.787683677605132,1.6375389575976915,1.5674204990758975,1.6057476324727185
578,1.6381235423866496,1.8437086539974463,1.679910239182443,1.6320690671441507
579,1.6888907375722926,1.6927579714274474,1.6851411476939187,1.5992137979704035
580,1.5813978529533965,1.339633808430004,1.5444690627479039,1.5402025721941386
581,1.6020521358748336,1.742840754565527,1.625235391884947,1.5372725291036597
582,1.4453448887494975,1.382989243806656,1.5266057338495662,1.476863400086934
583,1.565664352558613,1.395977400471953,1.4734208722822244,1.4427024944177849
584,1.4695629439615838,1.5043226480690672,1.4860024204418976,1.4216064273626294
585,1.4220499510798728,1.1657665661286234,1.3556195307565744,1.3773820157065633
586,1.3399518135867021,1.4473700594475853,1.3929754323514891,1.3923275588539847
587,1.2796766592211963,1.2734927254905646,1.3443284729991116,1.3918826270673217
588,1.280353524583068,1.2580166762199614,1.3091869317681006,1.4245407845846654
589,1.4216199280417625,1.6346764978307793,1.4417088515159069,1.5037608731201957
590,1.5620078713348542,1.4152512788421105,1.4309367448551256,1.5463755454980435
591,1.6083326209530893,1.6160875276671562,1.5063202278892163,1.6256539725646264
592,1.6409550061170433,1.9275661360219185,1.6778290019090378,1.7076072804744666
593,1.493803906645692,2.047319466610359,1.8282657311198875,1.7280577275708484
594,1.4612660961998811,1.6979028703905188,1.7751889557975564,1.6592391600129244
595,1.397364657315553,1.1977940831323448,1.540104685958322,1.5796098033555268
596,1.4781179720834614,1.6366470470960155,1.57941156509954,1.6067402270162756
597,1.5575091671426362,1.4705869249710564,1.5351039997291844,1.6255083822511434
598,1.6802736926046549,1.6464683639634095,1.5804456047407918,1.6875942425195323
599,1.705719114289659,2.1419818309782994,1.8090730830624868,1.761179340581158
600,1.798549955606332,1.9188553108130149,1.8537705268290539,1.7282879682773462
601,1.722298281074499,1.8366532256483268,1.846801278503181,1.6421119181896318
602,1.48720306977369,1.112940445707188,1.5480124492135774,1.5015400270009926
603,1.5230498622985207,1.2916074446031214,1.443618063074086,1.4696247566198992
604,1.438117145605466,1.478941147203367,1.4579997312081858,1.4874850405628373
605,1.4850476878520456,1.50840164525651,1.4785206913404736,1.5077342889454415
606,1.5379166418296852,1.574278815603905,1.5175082712261994,1.5277969373286482
607,1.6201248806560447,1.4764665044299934,1.5007982617734612,1.5348627528141927
608,1.5013206165731021,1.5699800210887365,1.5289653691461917,1.5582567871725925
609,1.6369931267490423,1.5833952590088147,1.551126305312322,1.5783728792902325
610,1.685502751326406,1.5294249394173316,1.5422906713338127,1.5970846600423878
611,1.7226218556425448,1.6327721573275382,1.5791298867058154,1.6347148260985735
612,1.7439804445815181,1.7229796754971136,1.6376978168442222,1.6728881832289915
613,1.6061494048000076,1.4654864623587769,1.5675825760552549,1.697055420581976
614,1.7424733274978852,1.7191741382624952,1.6293025417189284,1.7859718282780777
615,1.9707636448816732,2.0974818449207957,1.8199200806988234,1.8935655882520133
616,1.8530998106068766,2.0113062866168256,1.8978422940843627,1.9441421705347506
617,1.9479135330424808,1.9217963476386537,1.907595101835334,1.9759389438719748
618,1.9292313705877306,1.952304503403918,1.925798375747664,2.022874569209176
619,2.0823882705189813,2.206944644371127,2.0402660795779584,2.089542343652241
620,2.218975969299294,2.0087772918438396,2.027445531590706,2.123383172608968
621,2.2156770109438337,2.4561707059900257,2.2019994622831267,2.189269037968337
622,2.3158603579604873,1.9240001813284857,2.0888130432950462,2.180526327458994
623,2.474358400711011,2.340762409039799,2.1913933319096044,2.243511085349186
624,2.4229075814230234,2.352821001272613,2.2571180336356207,2.2793033275755654
625,2.415695734560429,2.1282493918025405,2.2046496242251523,2.294539237839473
626,2.415164610543361,2.559738820746629,2.3492229282912818,2.3562715768561415
627,2.4583716252814467,2.306887975403093,2.3319864027183073,2.3611122869818097
628,2.287075762426263,2.218673942248647,2.2858516372496807,2.381114697596559
629,2.3256646654696493,2.704342861693989,2.456238851598328,2.446537289825412
630,2.328951328624758,2.495583878890836,2.472258039593832,2.4398746724631164
631,2.325872486996008,2.4683692188105235,2.4706747200361785,2.4176351620476875
632,2.2690191873733614,2.4454197096172496,2.4603922323225085,2.38120986391382
633,2.1509734266967926,2.237664706388383,2.369709511906869,2.3268308025940017
634,2.1144310761951313,2.305113749144302,2.3434095767279306,2.2973835404080014
635,2.1905745791203572,2.203050827368341,2.2862630108839364,2.2657748287509882
636,2.071202092958383,2.343809386725109,2.309692813237516,2.251704422233356
637,2.2355809307674868,2.3444889462424143,2.3238599350945686,2.2118804774129988
638,2.076060685357195,1.8749158725335673,2.1410739559627325,2.134977779019376
639,2.054286361146608,2.169867184127421,2.152797016453668,2.1307911856339867
640,2.0186347064488612,1.9957594671699839,2.0888597365116217,2.1156785229593793
641,2.1891384517105816,2.2228340280551797,2.143406893051766,2.134096517546741
642,2.189299901996739,2.0929962043791335,2.1228823603623836,2.127702550168989
643,2.204324688224231,2.1444068119677304,2.131645964316773,2.131012850205907
644,2.0766607671786894,1.9518180451016396,2.058429666274046,2.1305780545342308
645,2.2386864286291743,2.1870705665499455,2.1108053515191005,2.1801264793688704
646,2.1861511246194962,2.285450337194078,2.181911436595632,2.2277332627710194
647,2.2785267474186,2.0522045729344978,2.129101748147645,2.259201731641723
648,2.377784642711049,2.6032497542419835,2.322149423292219,2.3485488315366982
649,2.3854194635783954,2.190108341849835,2.268389366372448,2.366678815125013
650,2.5730226354007826,2.8513885616452055,2.50575541623868,2.4341798013700826
651,2.4361478767043505,2.3290365476458246,2.4338049571045284,2.385024732783929
652,2.4686716298541973,1.8759052696265899,2.2066580826113524,2.351524562697664
653,2.6456998936147906,2.7804207792707984,2.44026352490177,2.4510126603905764
654,2.580633139858339,2.250950531260972,2.3631854125248846,2.458394706540849
655,2.5329082079367056,2.307021475842801,2.34031846536053,2.5237803743550318
656,2.7218743176586093,2.9215636000555225,2.576970355697991,2.649774160592527
657,2.7651107532960237,2.948803050464701,2.728360715553629,2.699772697517342
658,2.5983955642448944,2.7188283414551817,2.7244796433258416,2.680139670404746
659,2.565521758763041,2.683767642886086,2.707903897072854,2.6496888749201952
660,2.625525406724961,2.498327356938388,2.62257555377544,2.6097092895277147
661,2.5419687077533957,2.7097951294625107,2.6580866939617707,2.6008732899668927
662,2.6181293591099863,2.163330644556094,2.4566485272419967,2.561581573052151
663,2.582696048080461,2.7091600078776543,2.5594576789361385,2.6336450973854237
664,2.651519241780914,2.804265149802942,2.659130170439681,2.684593840875774
665,2.704998368291719,2.5335504624552785,2.6080008387539544,2.702081199790388
666,2.673828754068653,2.596150107398842,2.6031758556105853,2.7666915647568078
667,2.9112159196359686,3.1111158138307085,2.809981803937018,2.878987154710901
668,2.827565645523346,3.0323503514441037,2.9005183675622113,2.9263770759337775
669,2.785500045231956,2.8164801568844564,2.8663025088300698,2.9441357299933646
670,2.84200234359209,3.086192849013915,2.9558300791533223,2.997588254733625
671,2.955934056811712,3.0518333843351173,2.9949174835783725,3.026265982315158
672,2.98671327481404,3.3402184698502033,3.1355055526372193,3.047794789413897
673,2.9428893188429086,2.7286497693087584,2.9698556667763545,2.9875587915827717
674,2.956161781800742,3.035308769276426,2.9965046647816824,2.9997165399394747
675,2.8891183300220273,2.853017860336176,2.938084522429301,3.001922318317506
676,3.086210559439168,3.1618106906264307,3.0291738364922742,3.04576338403569
677,2.9954921117352047,2.8549530768481413,2.9582404735361307,3.05715637519346
678,2.9462595604487336,3.3514108989974836,3.1183184145911347,3.12508758247898
679,3.0328000489666977,3.151075630684624,3.131655398675801,3.1297363572384995
680,3.0758904082491507,3.260725707412112,3.1842059160490193,3.128418441721554
681,2.9976582612041045,3.1511746335998994,3.1707573468219294,3.0901059922672363
682,2.920044902905125,2.744216996284936,2.99709295939828,3.0347180941404757
683,2.992548739323996,3.0923052134815365,3.0358582901806477,3.060557426184095
684,2.992359817703278,2.9722888352694943,3.0099762125950167,3.077519735575318
685,3.1138432473465456,3.5514406839498998,3.2304315472688243,3.123905736041292
686,3.164916738005352,2.8657528156207768,3.0819538980655072,3.050748368595716
687,3.1265536137157697,2.9640173555599745,3.033936454034007,3.0293177466699266
688,3.099523600534729,2.914664740837058,2.9853754000018613,3.026145816150328
689,2.964604942555837,3.047475055390021,3.0106590539366587,3.0541451928338965
690,2.9778143601373923,2.990221717446842,3.0023380650369997,3.0840096116581703
691,3.0873010448233926,3.2424038025685964,3.10007997666938,3.1400981340281287
692,3.1161947864578505,2.808594445149197,2.9814026787054697,3.1675808915744255
693,3.1869221533670142,3.623387425834379,3.24278448632369,3.295440119044871
694,3.351001279627624,3.275916465480761,3.256274053857458,3.3316017537385956
695,3.5079721023762347,3.674043254444665,3.426367298759391,3.3833335937080067
696,3.458533187946042,3.5825021174523264,3.4899370351505077,3.3537798870831943
697,3.2829232841774254,2.8553885116239552,3.231582859537144,3.2602729858287534
698,3.3192808816246293,3.123055061503652,3.187396152370528,3.279976136520487
699,3.264121604429469,3.4468414966006407,3.293028401978136,3.3435561068630517
700,3.315281720809958,3.444624407153529,3.354750176580499,3.3782563718021463
701,3.3091339338964434,3.3555258755421318,3.3550659996552152,3.3943994205267827
702,3.3382862747729534,3.3788233749560073,3.364738730554441,3.4214119303629813
703,3.569299387422812,3.6872472472682416,3.4960469266571086,3.4603326581653184
704,3.521126158355643,3.5362807697483043,3.5124279928454194,3.435805627270213
705,3.549116391368752,3.235104344818319,3.399516655401997,3.383184666318677
706,3.6142071791054304,3.361687108661543,3.384114489925919,3.37196855528683
707,3.6023623611727573,3.3445490226616346,3.368005550579543,3.3636272472684023
708,3.4575393814059936,3.3493649614406955,3.3604161009766194,3.360620415962165
709,3.494733207734308,3.326070092807501,3.346432245846317,3.3607607307487877
710,3.5637035537743373,3.3466095391468333,3.346504430183367,3.370600920866744
711,3.594454018817576,3.293655642601417,3.3249872341901923,3.3871493592476294
712,3.5199502019266298,3.531154346176407,3.4089274409371355,3.4298396459642575
713,3.4898869408148765,3.5703055425198076,3.474631961317595,3.4442012532558333
714,3.5198366710142426,3.377063692510763,3.4349073875158607,3.423302745507807
715,3.5890339286425346,3.2071572805820634,3.342179741100851,3.4153331740990134
716,3.7262625719427986,3.3550217891340983,3.3474083353057167,3.4655718206399997
717,3.813990115025969,3.532922972798339,3.4229399604795523,3.546721444525857
718,3.817104197154798,3.719786501707306,3.5437999744881825,3.631729269455649
719,3.882798172038604,3.791444893634454,3.644627722971937,3.6921153455346714
720,3.913026775783455,3.798441706957114,3.7072525397620666,3.724727812061853
721,3.8263590154209095,3.644605815000819,3.6817461484767797,3.7367290810699463
722,3.834344720072121,3.8775728645104244,3.761476299770446,3.7744890056985607
723,3.856703081741073,3.729096964935678,3.7482931686969474,3.7834255751372194
724,3.8197599514044693,3.6957307028644366,3.726892547586219,3.807553008081227
725,4.006884500378858,4.171113526069204,3.9077555398256627,3.862947159778028
726,3.8738884008754866,3.7201977333310783,3.8313920456558876,3.832174682328557
727,3.940542611560396,3.8001648972373316,3.8186780231858712,3.832712163695552
728,3.9445374958786052,3.9937925545858772,3.889975282135172,3.8423502106835876
729,3.871934943074545,3.6888705341653973,3.8080961989014526,3.8096433501428733
730,3.818509678398766,4.054266681380379,3.9083236357375353,3.810705867391587
731,3.6913605128190787,3.567267259358495,3.769463744507482,3.7436661624993337
732,3.6629776195734816,3.6609926793847145,3.725300135943789,3.7259494874097037
733,3.6800969050088814,3.6856571447650945,3.709159633011249,3.726395434201808
734,3.6714121455109487,3.872697582951777,3.7757435279726193,3.738232244702348
735,3.5019398413880802,3.6172599462490522,3.711217501063139,3.7124711009763756
736,3.5226782099609095,3.8697959950492464,3.7757821711629114,3.713332019737994
737,3.4349502636210354,3.6136566892962128,3.709773357556654,3.670443928840793
738,3.521722507403243,3.7842993809361656,3.740116363044949,3.643434160646254
739,3.450352525153409,3.5090477347096205,3.6460375924382338,3.5770369624008325
740,3.5582346365021023,3.2759235517865606,3.4953469764959326,3.5296502831777063
741,3.4294650279074688,3.5949522114908787,3.5359008938399983,3.553208325896166
742,3.575660911159553,3.549415564654675,3.541403344019233,3.565094329409136
743,3.614579952510427,3.8012051733602727,3.6471807352724954,3.5813642841116162
744,3.5547282362654307,3.477517317974274,3.578102878051709,3.53616436264605
745,3.4962173767925613,3.345713142212557,3.4834862232211834,3.5073627853916847
746,3.3246406917891997,3.572677789246444,3.5198002522635297,3.5237601862836954
747,3.433277955964082,3.555273114875132,3.5342429021742627,3.526479699468671
748,3.5339582354287438,3.5051356014332757,3.522391968150376,3.521148264144754
749,3.4075375287396685,3.5808695904037267,3.54620092417021,3.520294141468903
750,3.317732242909469,3.286578016117654,3.440496380083511,3.502502472017412
751,3.5070176437136587,3.933145151614032,3.6410765761075243,3.5450856018636
752,3.541123326848411,3.4117417119699476,3.547703701430609,3.479163109527709
753,3.6372553178840636,3.410882327464062,3.4919973654029657,3.432092364803995
754,3.5713492768221564,3.2383591092014976,3.38872945104275,3.3909521745520226
755,3.6699079885869352,3.1791822254663247,3.3034130430634323,3.3924786459172624
756,3.624459056173676,3.7208704417189353,3.4733793389172885,3.453645089614387
757,3.4307619259165234,3.2822659130041134,3.395568186941016,3.4400924518932685
758,3.2954582477864554,3.733459802797048,3.5331395571744535,3.470669811256426
759,3.288471895620419,3.294393634285508,3.435935003382053,3.427768263700075
760,3.2998559028448446,3.5577732227308756,3.4855410012703265,3.4221596964536762
761,3.3114013757734777,3.4982473796465627,3.4907143580566284,3.378632129263901
762,3.2953423161946125,3.035671615587999,3.3054453230804444,3.3016588520701253
763,3.325461905871993,3.4013333708063143,3.3444858008420404,3.299058465855443
764,3.3666725638144515,3.365555878235293,3.353064407951219,3.267860916647493
765,3.230111574887733,2.9139597599215086,3.1742845114679126,3.2093468058500756
766,3.249377426598348,3.199669972851763,3.1846201118282136,3.233426088833634
767,3.3027679742084493,3.4575995262801076,3.2957627100146967,3.2669439447615223
768,3.355355171882173,3.165849525513419,3.24286901877009,3.247152450337217
769,3.380925254769811,3.2129982043134775,3.230707222851082,3.250094127790534
770,3.4108368685888344,3.446974700301435,3.318759757491216,3.263408224270481
771,3.355722336716802,3.032623716341063,3.2022604855146954,3.2253951605083464
772,3.487905034179561,3.278889812890091,3.233459843747933,3.241283065042859
773,3.4207298019990864,3.1928042033807933,3.2169070442981584,3.24665571856491
774,3.443324407935013,3.3346408579116527,3.264841947981941,3.2670858346961356
775,3.4623405527964213,3.245496794690529,3.256965637588938,3.268626840044651
776,3.4706969610318645,3.4770245429789575,3.346561838636656,3.276635254747897
777,3.1586929530040924,3.077680488278104,3.237087752677673,3.228612670053967
778,3.2426507358750265,3.157143454487859,3.2045387158616507,3.2227923460734273
779,3.1530509898566392,3.1447514933008343,3.180196560732097,3.2353281579788287
780,3.2985923571162816,3.2972700901765646,3.227862632063688,3.2731901791281044
781,3.331788256259778,3.522496686967744,3.3478218401307362,3.3043191982623994
782,3.2462738816399956,3.1731547205314063,3.276706743305588,3.274443445903964
783,3.224321707819404,3.4798396444609443,3.3594115818989865,3.2728891101261723
784,3.2402829777041466,3.125345282491429,3.264112320171558,3.2134691799999118
785,3.156222643389534,2.858650719125703,3.0990300706709126,3.178689639046955
786,3.1842707106901256,3.169577936910164,3.127753383621401,3.2333964208783974
787,3.182110358007018,3.4746825994237724,3.2690043805454554,3.3059475369470563
788,3.2496514262899825,3.283364200276305,3.2748509301015116,3.3313185154575935
789,3.363272180270712,3.4927125685300227,3.3635525217168603,3.370098036055054
790,3.2540157942396735,3.291799197188046,3.3343384107090293,3.3745932151298863
791,3.439199220469474,3.2871346456110806,3.3151195655528682,3.4022384917490545
792,3.455588388134533,3.5660830968978114,3.417298475196062,3.462068041242794
793,3.6227111060066375,3.453138955762849,3.4318907994504126,3.4928138628978305
794,3.550809563893195,3.613113062274301,3.5056747995367274,3.5346532151371957
795,3.6935414764727357,3.434735075445487,3.476791943054807,3.554554350586386
796,3.782254880003576,3.522252592205842,3.495301084749741,3.6079582435554736
797,3.9220544290369896,3.9976115807876487,3.699815017560717,3.6853263580730133
798,3.813816040914141,3.6486844178178166,3.678997375638269,3.6753761669059943
799,3.7389920697158137,3.7234004285397564,3.6970759207798216,3.6728892757500256
800,3.7939599923198473,3.6036512938751404,3.6590384160484204,3.656278923222964
801,3.8260165838061395,3.7040456526378476,3.6773629524307205,3.654383821667116
802,3.777493929045447,3.409116482286,3.5681473556938794,3.6386027382519215
803,3.730368469442673,3.752944163693292,3.6433867191413487,3.686988479237343
804,3.7073288080725417,3.739010346792119,3.682319539209348,3.7169323017519007
805,3.688263378744969,4.014200729417793,3.81744378600668,3.7407028655096686
806,3.6717800119626975,3.7426376771652565,3.7869867447182357,3.688000486112434
807,3.6262102834685455,3.4284889024302934,3.641025622645598,3.6200209606862455
808,3.566097141759942,3.2938488639802572,3.4996738395248697,3.6055958579311183
809,3.6292582497156496,3.7232237567356385,3.5906913936252964,3.6783385663116404
810,3.7411533965746964,3.844726558468178,3.6941209079279034,3.7385308928838827
811,3.8114962252006075,3.8909961341974717,3.774277956436803,3.7690297696372133
812,3.8180221092856175,3.5941467662721176,3.7009381827050563,3.7654255395853946
813,3.7124075477708667,3.757891782521444,3.7241266384073892,3.809712695989321
814,3.795428389591836,3.94603336238377,3.814475172223781,3.8684895369313343
815,3.9540584604444042,3.957524060941623,3.8727170187443796,3.9055842905944593
816,3.954729479139668,3.7103742778259363,3.806619748887533,3.928156126058205
817,3.9785019253726643,3.8472325611992093,3.8231551110467743,4.011622107684834
818,4.015482067922847,4.372053440245299,4.046637114515187,4.141053173879345
819,4.2888099632274495,4.388824262891948,4.185957395544359,4.205894082088094
820,4.276370747193629,4.24043869728739,4.208139263874835,4.219585745041142
821,4.347120680471208,4.489821186833994,4.3228250574637235,4.227446698353704
822,4.181433976405553,4.0823000511334,4.224896156172584,4.161944923869546
823,4.2292409660359995,4.221417747614597,4.223479934493506,4.118712712073398
824,4.029886101921383,4.175086046511343,4.203776535035774,4.046763068146545
825,3.99035704444911,3.7634327776708734,4.024492139591524,3.9389329398541224
826,3.9728032889164786,3.8015617243526507,3.9337268135167025,3.880174543730116
827,3.837716942729531,3.7794421362553687,3.8709103556324416,3.84339713707931
828,3.935302881817434,3.6738368184276444,3.7906725655312337,3.824502236246284
829,3.7881613947655284,4.072215745916022,3.9053018705741804,3.8477350060562
830,3.926904910840035,3.781145347576998,3.854751983596756,3.808200547583631
831,3.9554505948701766,3.5910421705697506,3.747383470678145,3.776231013906415
832,3.9614271696119094,3.7621653848347365,3.753401874479149,3.7960422718122095
833,3.9856197902525294,3.6228103126557016,3.7002319843193674,3.825325871531127
834,4.15484302293099,4.242925068218969,3.9211875442231934,3.911234998779161
835,3.9600349437474884,3.7754937813710523,3.861868846601011,3.9044000165745882
836,3.9975841411968354,3.868392014628452,3.8645247312743387,3.933608603618355
837,3.9685991611599967,4.041455604656119,3.9365615074046505,3.9810524500945808
838,3.9814793549363725,4.231168799716177,4.056509819177288,4.011606925154293
839,3.8600419360086677,4.073936108506737,4.063604870929498,3.9807695395520994
840,3.970899783508782,3.6259330611561333,3.8854083494487024,3.9238817796259293
841,3.968780659876098,4.201596496807322,4.014143229636529,3.9503036846640915
842,3.854392131686415,3.868346367790837,3.9547825556256266,3.9064614177497243
843,3.7380884729820467,4.050990738364221,3.9939533752196135,3.87327652858305
844,3.7287526632237618,3.7919975490132254,3.911727778507333,3.790400835736106
845,3.474545367242681,3.480539816324681,3.7361711325238307,3.707078684690436
846,3.6293758114082526,3.8929082262611354,3.79998608305825,3.6870992367846798
847,3.4761469423945943,3.6923663837333622,3.756169105052665,3.6095733827457166
848,3.516584386860542,3.142321893979501,3.506243395214127,3.5088977155137435
849,3.5138770836735094,3.2380543500042522,3.39705117883537,3.5107205890806252
850,3.563047545024558,3.922062914238448,3.6108078405538144,3.588783874558659
851,3.5592584453424747,3.751548006543606,3.6681096988229074,3.57365875742179
852,3.458506481809781,3.331728047956583,3.5311531054672933,3.5087938937231398
853,3.473905314031801,3.5924193800479247,3.5560974513688697,3.4934385441556377
854,3.374363238469955,3.3059179867309525,3.454237771698183,3.450407088718555
855,3.415121787070741,3.477434888902281,3.4636823955049874,3.4477763396157894
856,3.380972825872492,3.5045696695306674,3.4803295037754083,3.4368527412701226
857,3.290583169397648,3.4578294288734455,3.4711686782640205,3.4069947617504965
858,3.2370268793527712,3.363940193401683,3.427510981836144,3.362922862774071
859,3.3061058499456166,3.158654653682341,3.3180470835788736,3.3185665072167296
860,3.4022260372018933,3.10928010268221,3.233048349447249,3.3189232251379233
861,3.48105503434247,3.6657204290703005,3.409209248570759,3.3778984139945187
862,3.2068253275323215,3.3862695060201147,3.399869413939174,3.356395473029075
863,3.2425381960381183,3.2679513741393067,3.3461594529867558,3.3265394312602483
864,3.192678456760246,3.335256371391375,3.341720302074285,3.3130652401492275
865,3.281870039842257,3.281771090089189,3.3173121935264884,3.293386170163555
866,3.3286309162650327,3.2775169279169347,3.30110969260074,3.2769548014417076
867,3.212668338662029,3.271843417273188,3.289194032639068,3.2603662561139015
868,3.2160067328760857,3.2661842947570476,3.2798256996571378,3.240568573133709
869,3.2030088672179002,3.1060092119109135,3.2090569345670916,3.213608458990127
870,3.3218491633028906,3.5056771048899393,3.3298247824665093,3.2167342511414985
871,3.174234457473318,2.91946072915103,3.16274651695189,3.139068514927693
872,3.0572295950639687,3.283099540551908,3.2117478226707226,3.1228074766450424
873,2.8412154455251106,2.9079432529713722,3.088054872104801,3.061727053976028
874,2.9869585905342992,3.4111082324878406,3.219584899370548,3.0436462354148532
875,2.9504273735769804,2.842813650333932,3.0661838246998587,2.922819091846818
876,2.9320241433462515,2.691150374969112,2.9134902888388954,2.824362329873285
877,2.842386022248298,2.3707349200198298,2.692509369851525,2.763153062667666
878,2.8324412973354502,2.646141925517565,2.6736310297214065,2.811668127077963
879,2.7832243477597856,3.337491587353883,2.9439194958203894,2.906466097035354
880,2.9065491136590103,2.8758756173776643,2.916215672599894,2.8807447058961673
881,2.893619497355372,2.582640435453432,2.7804017006138726,2.8563847642548725
882,2.872613489878805,3.0096118966239898,2.8737238171058723,2.9085666800025227
883,2.8446631265080824,3.1842423167531146,3.0001503203828985,2.9324952668343243
884,2.7791713295554605,2.8139440054802405,2.9243370812103935,2.8860326719479885
885,2.67271076564398,2.931923752678104,2.9274259675288055,2.859726843239395
886,2.711556619914245,2.4991680129710216,2.753062263733958,2.813233982454646
887,2.6947005661041397,2.7855894866817694,2.7663056069269585,2.854557343296074
888,2.7948410714984,3.053834999025277,2.8833721767888365,2.9151648583280436
889,3.0020551944427716,3.010469970404577,2.935119591642758,2.9369987111627904
890,2.9631634211857003,3.081657577038411,2.994782011472426,2.9382892100157636
891,2.982946640073034,2.777528613362159,2.906328062740432,2.8994923720797683
892,2.9314596454139923,2.9599699809969024,2.928168179068258,2.894797912327302
893,2.824316555615266,2.917160918187757,2.923686611930195,2.8718806415025764
894,2.8620427564211006,2.906938694386465,2.916867756839013,2.8363025185033273
895,2.758111895483269,2.6563880503953787,2.8108143703331976,2.7809737613096828
896,2.8722776791598306,2.983599515477204,2.881163227949044,2.7604805083226656
897,2.8283692281757693,2.3733492638366505,2.6744085776756803,2.677600782157703
898,2.8814606375532414,2.7085445740658214,2.6883069272567375,2.6797930515575947
899,2.772676078884852,2.5703033800055937,2.640262202481255,2.6739460861533346
900,2.7434209919101247,2.685726303032957,2.658772749401701,2.6970787356623718
901,2.8738027912409105,2.807855112008011,2.719471103367746,2.723385647385873
902,2.7258547335279686,2.6862266167451074,2.705935728819322,2.726073988660311
903,2.547500921240521,2.907423038055067,2.787970570512524,2.739904083525816
904,2.52188978918604,2.619046135599183,2.719193587342752,2.7068940776898245
905,2.5846186311980297,2.6093430476375006,2.67446833060666,2.6984473009254804
906,2.6159573296659726,2.7183062416663932,2.6923167802563506,2.7149150313503028
907,2.7152230397066353,2.5479516773218758,2.6335390417964266,2.7304345429114627
908,2.8171013400277936,2.8095291393411226,2.70519278438901,2.7969782255852804
909,2.8663735290941563,3.0991059638436513,2.865573135091984,2.860012537836679
910,2.8584865457048663,2.741699143828069,2.815138279905395,2.856193757656218
911,2.894270951795639,3.1969705430298623,2.970599928470682,2.8843889024465756
912,2.9089959189814607,2.6766733636843028,2.850928772490007,2.8251828599294773
913,2.8879485939303655,2.8590985521054955,2.8542550692179107,2.8075016692048247
914,2.7940162696978876,2.7794566099038636,2.8238011424073446,2.7753934352972545
915,2.842011899476272,2.6682419150766634,2.7604657559932146,2.7421490940860287
916,2.881877729760782,2.616312044828989,2.7017740849410763,2.729569994710214
917,2.700712496958391,2.89795953583346,2.7816502938572207,2.7486590357701455
918,2.7424218826795697,2.8689829152538926,2.817207460202352,2.7260020518659083
919,2.69945588349479,2.577936857056028,2.7197892847083325,2.66336608135505
920,2.539132671830726,2.410377864320164,2.59381352481611,2.6246170404173954
921,2.5070686759303573,2.3888763369308923,2.5103740772946614,2.645771576426001
922,2.6074329565453223,2.9183311003117223,2.676472328979971,2.738756783307048
923,2.678224133361436,2.8019484629144995,2.727559490859484,2.7815310805299123
924,2.7023206053462854,2.961540697795483,2.8228241074896108,2.818596458128472
925,2.7538599373340062,2.963773461878912,2.8802111360719254,2.81569308950654
926,2.7654150238427766,2.7801338047672917,2.8394650063936138,2.771384856740557
927,2.705470737172531,2.636848434536155,2.756970389438368,2.724630324045375
928,2.7667929576337245,2.8419041361761455,2.791550862493829,2.702420551409936
929,2.6586006996879097,2.753521107855328,2.7760671830837746,2.64120966887016
930,2.5408620778630953,2.6113140879255217,2.7089885460666965,2.5485953005172206
931,2.4328662107975134,2.270730451454594,2.530553320797978,2.438444084908184
932,2.367982890189318,2.3626158428462998,2.462178173646638,2.3751874043209047
933,2.3431940422451887,2.177959092623451,2.346459385171259,2.315445867480196
934,2.4023697974519593,2.0331886580176093,2.218912322248823,2.294147111025211
935,2.441294827447747,2.5429923385104507,2.3508603488059046,2.345815143624825
936,2.3731423824154225,2.2736186498135247,2.319411665645716,2.3423503126602223
937,2.448520713344559,2.3944647104814987,2.349969246046437,2.358103593569393
938,2.4075428902603795,2.407519084302858,2.3734004581100767,2.363689915267482
939,2.4327911384464347,2.611765782030954,2.47045005238561,2.357021130090955
940,2.4822824152470258,2.216900561583968,2.3672182785423836,2.279123001443604
941,2.365107162721246,2.0925636806486123,2.255393635372607,2.2186229359414553
942,2.3402503057302226,1.965695035073741,2.1374438801031395,2.193370393496415
943,2.2814313723054767,2.202935305838337,2.164108481277415,2.2317783290297357
944,2.2840572130523262,2.6366322793732824,2.356494865909267,2.2782510839419574
945,2.2605172885258322,2.1648037606289674,2.2784485138322474,2.224516603615047
946,2.262071120686039,2.206152447276106,2.24901342733737,2.1874784761665347
947,2.2654497903473,2.1371453024676152,2.2034667179738125,2.1452189056298225
948,2.2330719065413795,1.841543877650508,2.0561111201265163,2.105216801337479
949,2.271561993665598,2.1748843229330053,2.1044692074253284,2.138940481285266
950,2.2736065893741806,1.9573467408739287,2.0445688181708555,2.1626138766720615
951,2.223272125146105,2.5579684771863613,2.253597664267576,2.2436821700780754
952,2.2734491744974052,2.141432170930854,2.207929882389801,2.236872633089182
953,2.413685390400568,2.27168956967852,2.2338894124117057,2.2567492754108978
954,2.3754852191610243,1.9982526575014428,2.1379507453091233,2.272448450830603
955,2.3584723271674366,2.4231506808908283,2.254068885231188,2.3648157179749494
956,2.4899017798205993,2.6806149856731243,2.427735613708195,2.44087190232227
957,2.365178025810943,2.419507116710132,2.4243854104067095,2.4498933430598417
958,2.4233277096131127,2.7288005687970305,2.5483269599875933,2.467411099370529
959,2.331859203561484,2.4576044672892454,2.5113896195925522,2.4118415498019865
960,2.3572107175116987,2.1994518183340057,2.3843852527099227,2.343476196501734
961,2.3607463805007534,2.2181858861721078,2.3167177714419696,2.315381607759464
962,2.4969658730628903,2.0771075098386316,2.21916130521462,2.314463987735152
963,2.5436855816198967,1.9663940779164197,2.116248027175971,2.379913790776892
964,2.7203510501789077,2.8956026753724515,2.433559501681071,2.5609881513313555
965,2.863422482446276,2.5076266338377424,2.463715671239288,2.6485006934855515
966,3.009787844006025,2.9504856505191674,2.661902337896822,2.775403137270132
967,3.040599664761015,2.972383858951848,2.7883137854714817,2.853350628018494
968,2.949165221929613,2.7735487487539467,2.7823022532597923,2.898015147658238
969,3.044531927162743,2.9378173436924997,2.8456196694928138,2.977481810583874
970,2.969067525552808,3.1636168110023926,2.975091075218456,3.0680390848894814
971,3.0582141311061517,3.276472143357225,3.0977973057392307,3.1318717994070377
972,3.0058816942489437,3.1859235616764474,3.133677597566274,3.1552727031415633
973,3.0814798324277075,3.0260607398884942,3.089861776527207,3.1701032972989083
974,3.0536665010895807,3.5302813231957284,3.2691770293170053,3.2252097391259382
975,3.0952343274075504,3.122437997775166,3.2094327542636116,3.1950148861881478
976,3.1915060104375286,3.1341056378832532,3.178763586607807,3.1851133115329158
977,3.1359240907678174,3.399101581498092,3.26847341795343,3.1894740308193645
978,3.162812951582192,3.2483952803496443,3.260298675603311,3.1352206332066705
979,3.0482996094340358,2.8220452587070293,3.08186535484996,3.0493223874994424
980,3.097256148484899,2.8872528977135077,3.0026295847497475,3.026973270484543
981,3.0541886598567904,3.0310137872719296,3.0141861119043716,3.0436914718458654
982,2.968809538650319,3.072536450541651,3.037943244852399,3.0639544901132725
983,3.0882734979011737,3.095659579207468,3.0614422452107304,3.0818178999792836
984,3.139192427177123,2.7976363636374675,2.9540346183250223,3.095811027519644
985,3.201566423283256,3.487501228355212,3.1712336521918756,3.193176996790804
986,3.2096196312451815,3.260454430770988,3.2075595750216754,3.2082467466036437
987,3.028383604471701,3.2432532045664626,3.222092109404456,3.20871866663261
988,3.1502162128235955,3.121104276624963,3.180975272287374,3.1995343585705704
989,3.2143746280693364,3.4605647311768113,3.2948091265687234,3.212279944631154
990,3.1990167652480435,2.8223931087577694,3.1024666242967283,3.155602435035911
991,3.22709832247854,3.3109875419840136,3.187365174667378,3.192093835438974
992,3.1376925065586367,3.3563365357840627,3.256161263674025,3.1953412772524348
993,3.243643184236393,3.0168232037550116,3.158715623394805,3.153572713902323
994,3.1689816381606506,3.010219028315176,3.0982557625949183,3.150040783798761
995,3.100110640734187,3.2374682471431306,3.154935630795788,3.185604519767826
996,3.057669417615482,2.93214826724985,3.0642285477092144,3.2066665999699913
997,3.1496666608582666,3.525895429880477,3.252194577617339,3.304486957378174
998,3.204549800965429,3.275331750217059,3.261614795191566,3.340399125487326
999,3.2854675473812924,3.588008498656766,3.394504831268714,3.394504831268714
